<?xml version="1.0" encoding="UTF-8"?>
<jcr:root xmlns:jcr="http://www.jcp.org/jcr/1.0" xmlns:rep="internal" xmlns:cq="http://www.day.com/jcr/cq/1.0"
    jcr:mixinTypes="[rep:AccessControllable]"
    jcr:primaryType="cq:Page">
    <jcr:content/>
    <language-masters/>
    <us/>
    <mgn-magic/>
    <vision-portal-self-service/>
    <ToyotaXAdobe/>
    <servletEndPoints/>
    <register/>
    <wknd-logo-light.svg/>
    <registrationCompletion/>
    <Home.html/>
    <StarbucksXAdobe/>
    <configuration/>
    <resetPassword/>
    <NikeXAdobe/>
    <login/>
    <envision/>
    <evpTemplate/>
    <rep:policy/>
    <LakshmiXAdobe/>
    <RaghavXAdobe/>
    <SusheelamaXAdobe/>
    <ParvathiXAdobe/>
</jcr:root>
